id,name,email,join_date
1,Alice Johnson,alice.johnson@example.com,2024-01-15
2,Bob Smith,bob.smith@example.com,2024-02-01
3,Carol White,carol.white@example.com,2024-03-10
4,David Brown,david.brown@example.com,2024-04-05
5,Emma Davis,emma.davis@example.com,2024-05-12
6,Frank Wilson,frank.wilson@example.com,2024-06-20
7,Grace Taylor,grace.taylor@example.com,2024-07-08
8,Henry Moore,henry.moore@example.com,2024-08-15
9,Isabella Lee,isabella.lee@example.com,2024-09-01
10,James Clark,james.clark@example.com,2024-10-10
11,Kate Harris,kate.harris@example.com,2024-11-05
12,Liam Walker,liam.walker@example.com,2024-12-12
13,Mia Lewis,mia.lewis@example.com,2025-01-20
14,Noah Allen,noah.allen@example.com,2025-02-15
15,Olivia Young,olivia.young@example.com,2025-03-01
16,Paul King,paul.king@example.com,2025-03-10
17,Quinn Scott,quinn.scott@example.com,2025-03-15
18,Rachel Green,rachel.green@example.com,2025-03-20
19,Samuel Adams,samuel.adams@example.com,2025-03-25
20,Tara Baker,tara.baker@example.com,2025-04-01
21,Uma Patel,uma.patel@example.com,2025-04-05
22,Victor Nguyen,victor.nguyen@example.com,2025-04-10
23,Wendy Carter,wendy.carter@example.com,2025-04-15
24,Xander Lopez,xander.lopez@example.com,2025-04-20
25,Yara Kim,yara.kim@example.com,2025-04-25
26,Zachary Evans,zachary.evans@example.com,2025-04-30
27,Amy Foster,amy.foster@example.com,2025-05-01
28,Ben Hughes,ben.hughes@example.com,2025-05-05
29,Clara Perez,clara.perez@example.com,2025-05-07
30,Daniel Ross,daniel.ross@example.com,2025-05-09